ETF Code,ETF Name,Fund Cash Component,Shares Outstanding,Fund Date,source,Cash & Others,AUM
133A,Global X Ultra Short-Term T-Bill ETF,2731.0,2340000.0,20251205,solactive,,
178A,Global X Innovative Bluechip Top 10+ ETF,1320971.0129,3000000.0,20251205,solactive,,
188A,Global X India Top 10+ ETF ,-4307051.0,2750000.0,20251205,solactive,,
2018,Global X US REIT Top 20 ETF,-130381.0,250000.0,20251205,solactive,,
2019,Global X U.S. Preferred Security ETF (Bi-monthly dividend type),68385.0,1720000.0,20251205,solactive,,
2095,Global X S&P 500 Dividend Aristocrats ETF (JPY Hedged),2098012.35268,200000.0,20251205,solactive,,
2096,Global X Office J-REIT ETF,2046444.0,272946.0,20251205,solactive,,
2097,Global X Residential J-REIT ETF,3859829.0,374817.0,20251205,solactive,,
2098,Global X Hotel & Retail J-REIT ETF,9805383.0,998685.0,20251205,solactive,,
2236,Global X S&P 500 Dividend Aristocrats ETF,7527609.45551,4650000.0,20251205,solactive,,
223A,Global X Artificial Intelligence & Technology ETF,601230.0,990000.0,20251205,solactive,,
2243,Global X Semiconductor ETF,-658703900.059,4500000.0,20251205,solactive,,
2244,Global X US Tech Top 20 ETF,166112629.074,30750000.0,20251205,solactive,,
224A,Global X Uranium ETF,420043.0,750000.0,20251205,solactive,,
2252,Global X Morningstar US Small Mid Moat ETF,66127.1447901,250000.0,20251205,solactive,,
2253,Global X SuperDividend U.S. ETF,-871809.0,1120000.0,20251205,solactive,,
2254,Global X China Electric Vehicle and Battery ETF,171139.0,430000.0,20251205,solactive,,
234A,Global X MSCI Japan Cash Flow Kings ETF,60448666.0,11143513.0,20251205,solactive,,
235A,Global X Japan High Dividend 30 ETF,76239310.0,11351610.0,20251205,solactive,,
2564,Global X MSCI SuperDividend Japan ETF,616502388.0,19099416.0,20251205,solactive,,
2565,Global X Logistics J-REIT ETF,194484199.0,28904884.0,20251205,solactive,,
2626,Global X Digital Innovation Japan ETF,5196175.0,399375.0,20251205,solactive,,
2627,Global X E-Commerce Japan ETF,1617358.0,356597.0,20251205,solactive,,
2636,Global X MSCI Governance-Quality Japan ETF,6030641.0,443933.0,20251205,solactive,,
2637,Global X CleanTech Japan ETF,5086535.0,416375.0,20251205,solactive,,
2638,Global X Japan Robotics & AI ETF,4772697.0,1595778.0,20251205,solactive,,
2639,Global X Japan Bio & Med Tech ETF,3386027.0,413815.0,20251205,solactive,,
2640,Global X Japan Games & Animation ETF,8691032.0,1528696.0,20251205,solactive,,
2641,Global X Japan Global Leaders ETF,185638607.0,29947718.0,20251205,solactive,,
2644,Global X Japan Semiconductor ETF,100741605.0,16305169.0,20251205,solactive,,
2645,Global X Japan Leisure & Entertainment ETF,2127381.0,210526.0,20251205,solactive,,
2646,Global X Japan Metal Business ETF,13682595.0,694022.0,20251205,solactive,,
282A,Global X Japan Semiconductor Top 10 ETF,5300749.0,1161081.0,20251205,solactive,,
2836,Global X Japan Fintech ETF,893259.0,127098.0,20251205,solactive,,
2837,Global X Japan Mid & Small Cap Leaders ETF,67268443.0,8459656.0,20251205,solactive,,
283A,Global X US Tech Dividend Aristocrats ETF,412358.751346,550000.0,20251205,solactive,,
2847,Global X Japan New Growth Infrastructure ETF,558395.0,35777.0,20251205,solactive,,
2848,Global X MSCI Japan Climate Change ETF,50658535.0,4791116.0,20251205,solactive,,
2849,Global X Morningstar Japan High Dividend ESG ETF,134524973.0,3998764.0,20251205,solactive,,
2854,Global X Japan Tech Top 20 ETF,14914373.0,4321749.0,20251205,solactive,,
2855,Global X Green J-REIT ETF,174816446.0,14981535.0,20251205,solactive,,
2864,Global X Logistics REIT ETF,6416.0,100000.0,20251205,solactive,,
2865,Global X Nasdaq 100 Covered Call ETF,149048341.0,31390000.0,20251205,solactive,,
2866,Global X U.S. Preferred Security ETF,-266000657.0,8410000.0,20251205,solactive,,
2867,Global X Autonomous & EV ETF,2962.81489057,150000.0,20251205,solactive,,
2868,Global X S&P 500 Covered Call ETF,2445596.0,5870000.0,20251205,solactive,,
315A,Global X Japan Bank High Dividend ETF,57104809.0,5440962.0,20251205,solactive,,
328A,Global X Japan Pricing Power Leaders ETF,23965602.0,4719049.0,20251205,solactive,,
356A,Global X S&P 500 Cash Flow Top 100 ETF,-58235037.3574,61550000.0,20251205,solactive,,
379A,Global X S&P 500 ETF (Dynamic Protection),68374.0,120000.0,20251205,solactive,,
424A,Global X Gold ETF (JPY Hedged),25521850.0,7020000.0,20251205,solactive,,
425A,Global X Gold ETF,4557140.0,25890000.0,20251205,solactive,,
465A,Global X Japan Nikkei225 Shareholder Return 40 ETF,873858.0,988340.0,20251205,solactive,,
466A,Global X Defense Tech ETF,977766.0,1290000.0,20251205,solactive,,
467A,Global X USD Investment Grade Corporate Bond ETF (JPY Hedged),1408942.0,440000.0,20251205,solactive,,
468A,Global X USD Investment Grade Corporate Bond ETF,393676.0,920000.0,20251205,solactive,,
2515,NEXT FUNDS International REIT S&P Developed REIT Index (ex Japan Unhedged) Exchange Traded Fund,12360123.097713873,21050000.0,20251204,ice,,
1550,MAXIS Global Equity (MSCI Kokusai),25182219.0,4897200.0,20251204,ice,,
181A,MAXIS US Treasury Bond 1-3 Year ETF (Unhedged),2358442.0,4595000.0,20251204,ice,,
182A,MAXIS US Treasury Bond 20+ Year ETF (Unhedged),-3291985.0,564000.0,20251204,ice,,
183A,MAXIS US Treasury Bond 20+ Year ETF (JPY Hedged),-70245961.0,13102000.0,20251204,ice,,
2241,MAXIS NY Dow Industrial Average ETF,11527807.0,4843320.0,20251204,ice,,
2242,MAXIS NY Dow Industrial Average ETF (JPY Hedged),25705223.0,5928500.0,20251204,ice,,
2558,MAXIS S&P500 US Equity,356088372.0,3327700.0,20251204,ice,,
2559,MAXIS World Equity (MSCI ACWI),207514395.0,3295900.0,20251204,ice,,
2630,MAXIS S&P500 US Equity (JPY Hedged),458706001.0,3916102.0,20251204,ice,,
2631,MAXIS NASDAQ100,168187529.0,1161763.0,20251204,ice,,
2632,MAXIS NASDAQ100 (JPY Hedged),105656738.0,696341.0,20251204,ice,,
2838,MAXIS 7-10 Year US Treasury Bond ETF (Unhedged),1589749.0,691500.0,20251204,ice,,
2839,MAXIS 7-10 Year US Treasury Bond ETF (Hedged),31079173.0,1219100.0,20251204,ice,,
383A,MAXIS S&P500 Equal Weight ETF,5815831.0,676500.0,20251204,ice,,
1559,NEXT FUNDS Thai Stock SET50 Exchange Traded Fund,995790.0,240000.0,20251204,ice,,
1560,NEXT FUNDS FTSE Bursa Malaysia KLCI Exchange Traded Fund,820640.0,150000.0,20251204,ice,,
1328,NEXT FUNDS Gold Price Exchange Traded Fund,38188175152.0,3040958.0,20251204,ice,,
2512,NEXT FUNDS International Bond FTSE World Government Bond Index (ex Japan Yen-Hedged) Exchange Traded Fund,586192864.0,209840000.0,20251204,ice,,
2519,NEXT FUNDS Emerging Market Bond J.P. Morgan EMBI Plus (Unhedged) Exchange Traded Fund,2208341.4382295883,3260000.0,20251204,ice,,
2510,NEXT FUNDS Japan Bond NOMURA-BPI Exchange Traded Fund,1187158198.7190163,234600000.0,20251204,ice,,
2647,NEXT FUNDS Bloomberg US Treasury Bond (7-10 year) Index (Unhedged) Exchange Traded Fund,5279989.0,1898000.0,20251204,ice,,
1325,NEXT FUNDS Ibovespa Linked Exchange Traded Fund,4530307.0,11479416.0,20251204,ice,,
2511,NEXT FUNDS International Bond FTSE World Government Bond Index (ex Japan Unhedged) Exchange Traded Fund,10997086.61068911,48250000.0,20251204,ice,,
2520,NEXT FUNDS Emerging Market Equity MSCI-EM (Unhedged) Exchange Traded Fund,12858722.007132156,1950000.0,20251204,ice,,
2554,NEXT FUNDS Bloomberg Barclays US Intermediate Corporate Index (JPY Hedged) Exchange Traded Fund,-1311218.3215455927,21610000.0,20251204,ice,,
2634,NEXT FUNDS S&P 500 (Yen-Hedged) Exchange Traded Fund,658884554.0,14995530.0,20251204,ice,,
2633,NEXT FUNDS S&P 500 (Unhedged) Exchange Traded Fund,16125605.0,46393000.0,20251204,ice,,
2514,NEXT FUNDS International Equity MSCI-KOKUSAI (Yen-Hedged) Exchange Traded Fund,122185831.71011344,2450000.0,20251204,ice,,
1545,NEXT FUNDS NASDAQ-100,146921070.0,2466674.0,20251204,ice,,
2648,NEXT FUNDS Bloomberg US Treasury Bond (7-10 year) Index (Yen-Hedged) Exchange Traded Fund,31697780.0,13160000.0,20251204,ice,,
1699,NEXT FUNDS NOMURA Crude Oil Long Index Linked Exchange Traded Fund,15771093613.0,58320000.0,20251204,ice,,
2513,NEXT FUNDS International Equity MSCI-KOKUSAI (Unhedged) Exchange Traded Fund,14106934.658945076,22410000.0,20251204,ice,,
1546,NEXT FUNDS Dow Jones Industrial Average Exchange Traded Fund,24090835.0,339690.0,20251204,ice,,
364A,NEXT FUNDS S&P 500 Dividend Aristocrats Index Exchange Traded Fund,1364906.7600441673,290000.0,20251204,ice,,
412A,NEXT FUNDS TIP FactSet Taiwan Innovative Technology 50 Index Exchange Traded Fund,1682253.0434828503,672000.0,20251204,ice,,
2859,NEXT FUNDS EURO STOXX 50 (Yen-Hedged) Exchange Traded Fund,76581751.13906288,1748150.0,20251204,ice,,
376A,NEXT FUNDS Bloomberg US Treasury Bond (7-10 year) Index (75% Yen-Hedged) Exchange Traded Fund,6781954.0,88000.0,20251204,ice,,
2860,NEXT FUNDS German Equity DAX (Yen-Hedged) Exchange Traded Fund,71608065.43139347,1638000.0,20251204,ice,,
2845,NEXT FUNDS NASDAQ-100(R) (Yen-Hedged) Exchange Traded Fund,495656844.0,5285000.0,20251204,ice,,
346A,NEXT FUNDS S&P 500 Semiconductors & Semiconductor Equipment (Industry Group) 35% Capped Index Exchange Traded Fund,4833416.0,640000.0,20251204,ice,,
1678,NEXT FUNDS Nifty Linked Exchange Traded Fund,96254867.0,173290000.0,20251204,ice,,
2246,NEXT FUNDS Bloomberg France Treasury Bond (7-10 year) Index (Yen-Hedged) Exchange Traded Fund,824574.0,300000.0,20251204,ice,,
2846,NEXT FUNDS DJIA (Yen-Hedged) Exchange Traded Fund,87982485.0,5160000.0,20251204,ice,,
2245,NEXT FUNDS Bloomberg Germany Treasury Bond (7-10 year) Index (Yen-Hedged) Exchange Traded Fund,-2211263.0,1710000.0,20251204,ice,,
1306,TOPIX ETF,562537286670.0,8141966522.0,20251204,ice,,
1311,TOPIX Core 30 Exchange Traded,439215534.0,9455359.0,20251204,ice,,
1319,Nikkei 300,33761132.0,5171040.0,20251204,ice,,
1321,Nikkei 225 Exchange Traded Fund,191848215488.0,258857034.0,20251204,ice,,
1329,iShares Nikkei 225 ETF,9154741783.68,265838832.0,20251204,ice,,
1343,NEXT FUNDS REIT INDEX ETF,12550717036.0,268311662.0,20251204,ice,,
1346,MAXIS NIKKEI225 ETF,29628818367.0,60644858.0,20251204,ice,,
1348,MAXIS TOPIX ETF,89098304428.0,1164050227.0,20251204,ice,,
1356,TOPIX Bear -2x ETF,3962613570.0,21950000.0,20251204,ice,,
1357,NEXT FUNDS Nikkei 225 Double Inverse Index Exchange Traded Fund,153201969692.0,25512000.0,20251204,ice,,
1360,Nikkei225 Bear -2x ETF,54537137621.0,369850000.0,20251204,ice,,
1364,iShares JPX-Nikkei 400 ETF,2912175500.55,141695685.0,20251204,ice,,
1369,One ETF Nikkei225,13539371675.0,10342332.0,20251204,ice,,
1397,SMAM NIKKEI225 ETF,2435047942.0,3512252.0,20251204,ice,,
1398,SMAM REIT Index ETF,1678434807.0,73732426.0,20251204,ice,,
1458,Rakuten ETF-Nikkei 225 Leveraged Index,25812479413.0,514300.0,20251204,ice,,
1459,Rakuten ETF-Nikkei 225 Double Inverse Index,25528215642.0,105477300.0,20251204,ice,,
1469,JPX-Nikkei 400 Bear -2x Double Inverse ETF,205765867.0,633000.0,20251204,ice,,
1472,NEXT FUNDS JPX-Nikkei 400 Double Inverse Index Exchange Traded Fund,119543994.0,900000.0,20251204,ice,,
1473,One ETF TOPIX,21095889859.0,218427437.0,20251204,ice,,
1474,One ETF JPX-Nikkei400,9283181157.0,10350707.0,20251204,ice,,
1475,iShares TOPIX ETF,15132898105.7,6620215441.0,20251204,ice,,
1476,iShares Japan REIT ETF,3786396500.58,194355187.0,20251204,ice,,
1477,iShares MSCI Japan Minimum Volatility (ex-REITs) ETF,121209001.69,5915481.0,20251204,ice,,
1478,iShares MSCI Japan High Dividend ETF,1158174088.76,31549572.0,20251204,ice,,
1480,NEXT FUNDS Nomura Enterprise Value Allocation Index Exchange Traded Fund,228167881.0,426222.0,20251204,ice,,
1482,iShares US Treasury Bond 7-10 Year JPY Hedged ETF,2077539694.31,91155973.0,20251204,ice,,
1483,iShares JPX/S&P CAPEX & Human Capital ETF,139598679.56,5237734.0,20251204,ice,,
1484,One ETF JPX/S&P CAPEX & Human Capital Index,2564882118.0,24711427.0,20251204,ice,,
1485,MAXIS JAPAN Proactive Investment in Physical and Human Capital 200 Index ETF,99189137.0,87695.0,20251204,ice,,
1489,NEXT FUNDS Nikkei 225 High Dividend Yield Stock 50 Index Exchange Traded Fund,10915866405.0,166889731.0,20251204,ice,,
1493,One ETF JPX-Nikkei Mid Small,35078220.0,26778.0,20251204,ice,,
1494,One ETF High Dividend Japan Equity,2170811078.0,2039099.0,20251204,ice,,
1498,One ETF ESG,203040545.0,324884.0,20251204,ice,,
1499,MAXIS Japan Equity High Dividend 70 Market Neutral ETF,218150641.0,920000.0,20251204,ice,,
1551,TSE STANDARD TOP 20 ETF,3190476.0,116229.0,20251204,ice,,
1563,TSE Growth Core ETF,981743.0,1163190.0,20251204,ice,,
1568,TOPIX Bull 2x ETF,18196052714.0,26710000.0,20251204,ice,,
1569,TOPIX Bear -1x ETF,6511136017.0,6866000.0,20251204,ice,,
1570,NEXT FUNDS Nikkei 225 Leveraged Index Exchange Traded Fund,383416648461.0,9060000.0,20251204,ice,,
1571,NEXT FUNDS Nikkei 225 Inverse Index Exchange Traded Fund,23290059113.0,55210000.0,20251204,ice,,
1572,China Bull 2x HSCEI ETF,2613397475.0,315000.0,20251204,ice,,
1573,China Bear -1x HSCEI ETF,789480183.0,102000.0,20251204,ice,,
1577,NEXT FUNDS Nomura Japan Equity High Dividend 70 Exchange Traded Fund,1410330469.0,3971073.0,20251204,ice,,
1579,Nikkei 225 Bull 2x ETF,34130861406.0,74970000.0,20251204,ice,,
1580,Nikkei 225 Bear -1x ETF,15885830002.0,14182000.0,20251204,ice,,
1591,NEXT FUNDS JPX-Nikkei Index 400 Exchange Traded Fund,39918408710.0,64476460.0,20251204,ice,,
1593,MAXIS JPX-Nikkei Index 400 ETF,17837333866.0,32422555.0,20251204,ice,,
1595,NZAM ETF J-REIT Index,5949470470.0,96599223.0,20251204,ice,,
1596,NZAM ETF TOPIX Ex-Financials,61018373.0,1294035.0,20251204,ice,,
1597,MAXIS J-REIT ETF,4242386844.0,119334159.0,20251204,ice,,
159A,NEXT FUNDS JPX Prime 150 Index Exchange Traded Fund,47804559.0,5047514.0,20251204,ice,,
1615,TOPIX Banks,10672158222.0,430127037.0,20251204,ice,,
1617,NEXT FUNDS TOPIX-17 FOODS ETF,16211019.0,80491.0,20251204,ice,,
1618,NEXT FUNDS TOPIX-17 ENERGY RESOURCES ETF,16545786.0,57419.0,20251204,ice,,
1619,NEXT FUNDS TOPIX-17 CONSTRUCTION & MATERIALS ETF,27767175.0,238928.0,20251204,ice,,
1620,NEXT FUNDS TOPIX-17 RAW MATERIALS & CHEMICALS ETF,4615330.0,46757.0,20251204,ice,,
1621,NEXT FUNDS TOPIX-17 PHARMACEUTICAL ETF,19310108.0,180398.0,20251204,ice,,
1622,NEXT FUNDS TOPIX-17 AUTOMOBILES & TRANSPORTATION EQUIPMENT ETF,12978728.0,108439.0,20251204,ice,,
1623,NEXT FUNDS TOPIX-17 STEEL & NONFERROUS ETF,12272726.0,64132.0,20251204,ice,,
1624,NEXT FUNDS TOPIX-17 MACHINERY ETF,5268623.0,26642.0,20251204,ice,,
1625,NEXT FUNDS TOPIX-17 ELECTRIC APPLIANCES & PRECISION INSTRUMENTS ETF,19246424.0,173380.0,20251204,ice,,
1626,NEXT FUNDS TOPIX-17 IT & SERVICES OTHERS ETF,20030136.0,69322.0,20251204,ice,,
1627,NEXT FUNDS TOPIX-17 ELECTRIC POWER & GAS ETF,3044526.0,290012.0,20251204,ice,,
1628,NEXT FUNDS TOPIX-17 TRANSPORTATION & LOGISTICS ETF,28616685.0,160058.0,20251204,ice,,
1629,NEXT FUNDS TOPIX-17 COMMERCIAL & WHOLESALE TRADE ETF,17950818.0,145168.0,20251204,ice,,
1630,NEXT FUNDS TOPIX-17 RETAIL TRADE ETF,7111938.0,67291.0,20251204,ice,,
1631,NEXT FUNDS TOPIX-17 BANKS ETF,476453812.0,622347.0,20251204,ice,,
1632,NEXT FUNDS TOPIX-17 FINANCIALS (EX BANKS) ETF,207695801.0,413463.0,20251204,ice,,
1633,NEXT FUNDS TOPIX-17 REAL ESTATE ETF,15811580.0,48367.0,20251204,ice,,
1655,iShares S&P 500 ETF,92622145.44,190241700.0,20251204,ice,,
1656,iShares Core 7-10 Year US Treasury Bond ETF,264521125.58,116887120.0,20251204,ice,,
1660,MAXIS High Yield J-REIT ETF,1484049888.0,4700685.0,20251204,ice,,
170A,SMT ETF Japan Equity Income Strategy Active,15306459.51,160000.0,20251204,ice,,
179A,Global X 25+ Year T-Bond ETF (JPY Hedged),-185785692.0,77900000.0,20251204,ice,,
180A,Global X 25+ Year T-Bond ETF,-15816027.0,3200000.0,20251204,ice,,
200A,NEXT FUNDS Nikkei Semiconductor Stock Index Exchange Traded Fund,67687194.0,8376394.0,20251204,ice,,
2011,SMDAM Active ETF Japan High Dividend Equity,29471559.0,3320000.0,20251204,ice,,
2012,iShares 0-3 Month US Treasury Bond ETF,21500420.33,78840000.0,20251204,ice,,
2080,PBR Improvement over 1x ETF,237963723.0,6150000.0,20251204,ice,,
2081,Strategic Shareholding Disposal Promotion ETF,14080445.0,740000.0,20251204,ice,,
2082,Investor-Management Unite as One ETF,3135093.0,270000.0,20251204,ice,,
2083,NEXT FUNDS Japan Growth Equity Active Exchange Traded Fund,24751236.0,870000.0,20251204,ice,,
2084,NEXT FUNDS Japan High Dividend Equity Active Exchange Traded Fund,130055203.0,4136000.0,20251204,ice,,
2085,MAXIS High Dividend Japan Equity Actively Managed ETF,229394745.0,14158620.0,20251204,ice,,
2094,TSE REIT Inverse ETF,481255365.0,640000.0,20251204,ice,,
221A,MAXIS Nikkei Semiconductor Stock (Japan) ETF,7604381.0,2775000.0,20251204,ice,,
2250,iShares MSCI Japan Climate Action ETF,800166614.56,409335588.0,20251204,ice,,
2251,NEXT FUNDS JPX JGB Futures Double Inverse Index Exchange Traded Fund,2236684718.0,2700000.0,20251204,ice,,
2255,iShares 20+ Year US Treasury Bond ETF,43942702.79,29113000.0,20251204,ice,,
2259,iShares 7-10 Year France Government Bond JPY Hedged ETF,105216383.46,53265580.0,20251204,ice,,
236A,iShares 7-10 Year Japan Government Bond ETF,65824210.15,31774150.0,20251204,ice,,
237A,iShares 25+ Year US Treasury Bond Long Duration ETF,2293076.19,15400000.0,20251204,ice,,
238A,iShares 25+ Year US Treasury Bond Long Duration JPY Hedged ETF,15326802.17,19100000.0,20251204,ice,,
2516,TSE Mothers ETF,3831026696.0,24370000.0,20251204,ice,,
2517,MAXIS J-REIT Core ETF,1619798432.0,55073034.0,20251204,ice,,
2518,NEXT FUNDS MSCI Japan Empowering Women Select Index Exchange Traded Fund,345096759.0,6522794.0,20251204,ice,,
2523,MAXIS TOPIX Ex-Financials ETF,18635543.0,326706.0,20251204,ice,,
2524,NZAM ETF TOPIX,8499381652.0,81980454.0,20251204,ice,,
2525,NZAM ETF Nikkei 225,4690093166.0,2550723.0,20251204,ice,,
2526,NZAM ETF JPX-Nikkei 400,1539929191.0,2132229.0,20251204,ice,,
2527,NZAM ETF J-REIT Core Index,1788562848.0,34178754.0,20251204,ice,,
2529,NEXT FUNDS Nomura Shareholder Yield 70 Exchange Traded Fund,1433886602.0,24088825.0,20251204,ice,,
2553,One ETF Southern China A-Share CSI 500,1020236.0,1070000.0,20251204,ice,,
2555,TSE REIT ETF,1201839572.0,32547044.0,20251204,ice,,
2556,One ETF Tokyo Stock Exchange REIT Index,5287991334.0,87000587.0,20251204,ice,,
2557,SMDAM TOPIX ETF,2384693078.0,27905089.0,20251204,ice,,
2560,MAXIS Carbon Efficient Japan Equity ETF,70456400.0,81086.0,20251204,ice,,
2561,iShares Core Japan Government Bond ETF,197364821.14,21641072.0,20251204,ice,,
2563,iShares S&P 500 JPY Hedged ETF,534295126.85,241173240.0,20251204,ice,,
2567,NZAM ETF S&P JPX Carbon Efficient Index,2510260648.0,102339008.0,20251204,ice,,
257A,SMT ETF Selected Japan Equity Active,5871531.9,160000.0,20251204,ice,,
258A,SMT ETF Selected J-REIT Active,113806299.0,620000.0,20251204,ice,,
2620,iShares 1-3 Year US Treasury Bond ETF,89323560.03,33289320.0,20251204,ice,,
2621,iShares 20+ Year US Treasury Bond JPY Hedged ETF,2023890781.82,146723852.0,20251204,ice,,
2642,SMT ETF Carbon Efficient Index Japan Equity,58309586.0,65652.0,20251204,ice,,
2643,NEXT FUNDS MSCI Japan Country Selection Index Exchange Traded Fund,38920339.0,616635.0,20251204,ice,,
2649,iShares Ginnie Mae MBS JPY Hedged ETF,13152745.89,5305000.0,20251204,ice,,
273A,SBI Saudi Arabia Equity Exchange Traded Fund,11369078.0,276000.0,20251204,ice,,
2851,iShares MSCI Japan SRI ETF,10067316.0,3754032.0,20251204,ice,,
2852,iShares Japan Green REIT ETF,146247787.14,76037502.0,20251204,ice,,
2853,iShares Climate Risk-Adjusted Global ex Japan Government Bond JPY Hedged ETF,32434091.87,4541240.0,20251204,ice,,
2856,iShares 3-7 Year US Treasury Bond JPY Hedged ETF,687659458.67,68307350.0,20251204,ice,,
2857,iShares Germany Government Bond JPY Hedged ETF,108599464.49,17696050.0,20251204,ice,,
2858,Global X Nikkei 225 Covered Call ETF (option premium reinvestment type),57634045.0,200000.0,20251204,ice,,
294A,NEXT FUNDS MSCI Global Climate 500 Japan Selection Index Exchange Traded Fund,1663718038.0,31415481.0,20251204,ice,,
295A,One ETF FTSE Saudi Arabia ETF,13472432.0,2030000.0,20251204,ice,,
313A,iShares S&P 500 Top 20 ETF,739114.69,8100000.0,20251204,ice,,
314A,iShares Gold ETF,15822608.78,177100000.0,20251204,ice,,
348A,MAXIS Yomiuri333 Japan Stock ETF,7017363.0,2722600.0,20251204,ice,,
349A,SMDAM Active ETF Japanese Gross Equities,6790426.0,1300000.0,20251204,ice,,
360A,TSE REIT Core ETF,9765619.0,1331280.0,20251204,ice,,
380A,Global X China Tech ETF,161731.0,1900000.0,20251204,ice,,
392A,iShares Nasdaq Top 30 ETF,-286918.44,11900000.0,20251204,ice,,
394A,Sector Restructuring Select ETF TV,-1154873.0,240000.0,20251204,ice,,
395A,Sector Restructuring Select ETF Regional Banks,13054521.0,3025500.0,20251204,ice,,
396A,Sector Restructuring Select ETF Event-Driven REITs,497962.0,220000.0,20251204,ice,,
404A,Global X China Tech Top 10 ETF,-945467.0,900000.0,20251204,ice,,
408A,iShares A.I. Global Innovation Active ETF,1857266.06,27600000.0,20251204,ice,,
447A,State Street SPDR Gold ETF (JPY Unhedged),-11560.0,2080000.0,20251204,ice,,
448A,State Street SPDR Gold ETF (JPY Hedged),-15652.0,1520000.0,20251204,ice,,
449A,State Street SPDR S&P 500 ETF (JPY Unhedged),-11465654.0,420000.0,20251204,ice,,
450A,State Street SPDR S&P 500 ETF (JPY Hedged),-6739084.0,250000.0,20251204,ice,,
451A,State Street SPDR S&P 500 High Dividend ETF (JPY Unhedged),-13400.0,1120000.0,20251204,ice,,
452A,iShares S&P 500 Premium Income ETF,31530310.16,1360000.0,20251204,ice,,
453A,iShares 20+ Year US Treasury Bond Premium Income ETF,10767651.26,1560000.0,20251204,ice,,
459A,Nomura High-Yield J-REIT Index ETF,2396574.0,30600.0,20251204,ice,,
461A,MAXIS Japan Equity High Dividend SMART 50 ETF,3413101.0,294900.0,20251204,ice,,
1308,Listed Index Fund TOPIX,,3862902792.0,20251204,ihs,-18673846.0,13342883962364.0
1322,Listed Index Fund China A Share (Panda) E Fund CSI300,,261914.0,20251204,ihs,-26836679.21822309,2818524492.0
1330,Listed Index Fund 225,,126839505.0,20251204,ihs,-14950852.0,6570946456598.0
1345,Listed Index Fund J-REIT (Tokyo Stock Exchange REIT Index) Bi-Monthly Dividend Payment Type,,95582738.0,20251204,ihs,4981668.0,192774293168.0
1358,Listed Index Fund Nikkei Leveraged Index,,79506.0,20251204,ihs,-6386783556.0,6379946444.0
1399,Listed Index Fund MSCI Japan Equity High Dividend Low Volatility,,3176159.0,20251204,ihs,97219718.0,8439288698.0
1481,Listed Index Fund Japanese Economy Contributor Stocks,,1533919.0,20251204,ihs,694170.0,4993489910.0
1486,Listed Index Fund US Bond (No Currency Hedge),,903509.0,20251204,ihs,230023512.1069641,22380980644.0
1487,Listed Index Fund US Bond (Currency Hedge),,5061304.0,20251204,ihs,65720840494.466965,64667035783.0
1490,Listed Index Fund MSCI Japan Equity High Dividend Low Volatility (Beta Hedged),,175600.0,20251204,ihs,991520766.0,1335333116.0
1495,Listed Index Fund Asian REIT,,428000.0,20251204,ihs,3340933.760000229,4990804512.0
1547,Listed Index Fund US Equity (S&P500),,5132209.0,20251204,ihs,52733653.32662964,59609391292.0
1554,Listed Index Fund World Equity (MSCI ACWI) ex Japan,,2405000.0,20251204,ihs,-119457162.72867204,14247189576.0
1555,Listed Index Fund Australian REIT (S&P/ASX200 A-REIT),,3966720.0,20251204,ihs,17762546.442756653,9729645080.0
1566,Listed Index Fund Emerging Bond,,371261.0,20251204,ihs,372696319.4948616,19809404060.0
1578,Listed Index Fund Nikkei 225 (Mini),,6111355.0,20251204,ihs,1137953.0,24454453473.0
1586,Listed Index Fund TOPIX Ex-Financials,,2283514.0,20251204,ihs,55047959.0,6008050809.0
1592,Listed Index Fund JPX-Nikkei Index 400,,184409331.0,20251204,ihs,1147306352.0,513727982952.0
1677,Listed Index Fund International Bond (Citi WGBI) Monthly Dividend Payment Type,,548310.0,20251204,ihs,364260223.06425095,32696222350.0
1680,Listed Index Fund International Developed Countries Equity (MSCI-KOKUSAI),,4260470.0,20251204,ihs,-299501575.387352,31338702845.0
1681,Listed Index Fund International Emerging Countries Equity (MSCI EMERGING),,3990630.0,20251204,ihs,-8550619.37503624,10784252374.0
1698,Listed Index Fund Japan High Dividend (TSE Dividend Focus 100),,14462740.0,20251204,ihs,916636.0,52997405386.0
2093,Listed Tracers US Government Bond 0-2years Ladder (No Currency Hedge),,374850.0,20251204,ihs,38877675.46399975,1937227893.0
213A,Listed Index Fund Nikkei Semiconductor Stock,,9622913.0,20251204,ihs,-106808.0,2029780042.0
2235,Listed Index Fund US Equity (Dow Average) No Currency Hedge,,896500.0,20251204,ihs,-63977351.29634857,2904059269.0
2239,Listed Index Fund S&P500 Futures Leveraged Two Times,,70200.0,20251204,ihs,-1589355232.8000002,1587278756.0
2240,Listed Index Fund S&P500 Futures Inverse,,63100.0,20251204,ihs,744750638.0,371656042.0
2521,Listed Index Fund US Equity (S&P500) Currency Hedge,,21817887.0,20251204,ihs,40490405564.93488,43334488086.0
2552,Listed Index Fund J-REIT (Tokyo Stock Exchange REIT Index) Bi-Monthly Dividend Payment Type (Mini),,21862404.0,20251204,ihs,4469743.786727905,46852417616.0
2562,Listed Index Fund US Equity (Dow Average) Currency Hedge,,8749531.0,20251204,ihs,28604880775.740475,29666524087.0
2566,Listed Index Fund Nikkei ESG-REIT,,31904601.0,20251204,ihs,1668159.0,35838268159.0
2568,Listed Index Fund US Equity (NASDAQ100) No Currency Hedge,,2198120.0,20251204,ihs,-9291834.920591354,15026865599.0
2569,Listed Index Fund US Equity (NASDAQ100) Currency Hedge,,7169080.0,20251204,ihs,26767245027.37273,27382081808.0
2843,Listed Index Fund Australian Government Bond (Currency Hedge),,2019870.0,20251204,ihs,7957687368.44261,7805681585.0
2844,Listed Index Fund Australian Government Bond (No Currency Hedge),,2091620.0,20251204,ihs,132414904.38261032,10913279071.0
2861,Listed Index Fund France Government Bond (No Currency Hedge),,124740.0,20251204,ihs,17318186.52571249,723416727.0
399A,Listed Index Fund Nikkei 225 High Dividend Yield Stock 50,,15015515.0,20251204,ihs,51776050.0,27193403600.0
2862,Listed Index Fund France Government Bond (Currency Hedge),,1959240.0,20251204,ihs,8030017093.402112,7900347640.0
2086,NZAM S&P 500 in TTM Rates JPY Hedged Index,982778570.73,5575000.0,20251204,ihs,,
2087,NZAM NASDAQ-100 Notional Net Total Return Index,276192827.06,5300000.0,20251204,ihs,,
2088,NZAM Dow Jones Industrial Average JPY Hedged (TTM) (Japan Calendar),13595784.73,1605000.0,20251204,ihs,,
2089,NZAM DAX Index,209873898.58,2825000.0,20251204,ihs,,
2090,NZAM Bloomberg US Treasury 7-10 year Index,14248532.46,324000.0,20251204,ihs,,
2091,NZAM Bloomberg German Treasury 7-10 year Index,5469234.42,212000.0,20251204,ihs,,
2092,NZAM Bloomberg France Treasury 7-10 year Index,4497843.76,210000.0,20251204,ihs,,
426A,NISSAY ETF S&P 500 EQUAL WEIGHT,202653899.0,5170000.0,20251204,ihs,,
1305,iFreeETF TOPIX (Yearly Dividend Type),327501029517.0,3620395557.0,20251204,ihs,,
1320,iFreeETF Nikkei225 (Yearly Dividend Type),50538492536.0,117221587.0,20251204,ihs,,
1365,iFreeETF Nikkei225 Leveraged Index,9846930441.0,151709.0,20251204,ihs,,
1366,iFreeETF Nikkei225 Double Inverse Index,6746420559.0,44744616.0,20251204,ihs,,
1367,iFreeETF TOPIX Leveraged (2x) Index,2991328780.0,56939.0,20251204,ihs,,
1368,iFreeETF TOPIX Double Inverse (-2x) Index,1275348014.0,4868338.0,20251204,ihs,,
140A,iFreeETF 10-Year U.S. Treasury Note Futures Inverse,343480421.0,195333.0,20251204,ihs,,
1456,iFreeETF Nikkei225 Inverse Index,7745541675.0,4316105.0,20251204,ihs,,
1457,iFreeETF TOPIX Inverse (-1x) Index,14782368182.0,6526964.0,20251204,ihs,,
1466,iFreeETF JPX-Nikkei400 Double Inverse (-2x) Index,132682616.0,391906.0,20251204,ihs,,
1479,iFreeETF MSCI Japan Human and Physical Investment Index,1933249090.0,1965453.0,20251204,ihs,,
1488,iFreeETF Tokyo Stock Exchange REIT Index,4232840348.0,128054424.0,20251204,ihs,,
1585,iFreeETF TOPIX Ex-Financials,25878255.0,2273780.0,20251204,ihs,,
1599,iFreeETF JPX-Nikkei400,8905455011.0,18045540.0,20251204,ihs,,
1651,iFreeETF TOPIX High Dividend Yield 40 Index,1526840064.0,32542595.0,20251204,ihs,,
1652,iFreeETF MSCI Japan Empowering Women Index (WIN),24492537.0,168677.0,20251204,ihs,,
1653,iFreeETF MSCI Japan ESG Select Leaders Index,226145719.0,3108987.0,20251204,ihs,,
1654,iFreeETF FTSE Blossom Japan Index,49782784.0,948002.0,20251204,ihs,,
2015,iFreeETF US Treasury 7-10 year (NON-HEDGE),7557204.0,1216000.0,20251204,ihs,,
2016,iFreeETF US Treasury 7-10 year (JP HEDGE),-183369265.0,6618500.0,20251204,ihs,,
2017,iFreeETF JPX Prime 150,271310386.0,11413121.0,20251204,ihs,,
210A,iFreeETF Nikkei High Yield REIT Index,80375044.0,6019840.0,20251204,ihs,,
2237,iFreeETF S&P500 Leveraged (2x),1528659176.0,19278.0,20251204,ihs,,
2238,iFreeETF S&P500 Inverse,3306925684.0,647923.0,20251204,ihs,,
2247,iFreeETF S&P500 (NON HEDGED),42794876.82,3752160.0,20251204,ihs,,
2248,iFreeETF S&P500 (JPY HEDGED),-285936332.15,11877675.0,20251204,ihs,,
2249,iFreeETF S&P500 Double Inverse (-2x),1745973990.0,190052.0,20251204,ihs,,
233A,iFreeETF Nifty50,1144747965.0,2337000.0,20251204,ihs,,
2528,iFreeETF Tokyo Stock Exchange REIT Core Index,928038535.0,32742919.0,20251204,ihs,,
2624,iFreeETF Nikkei225 (Quarterly Dividend Type),898184932.0,12683809.0,20251204,ihs,,
2625,iFreeETF TOPIX (Quarterly Dividend Type),2202601948.0,27221005.0,20251204,ihs,,
2628,iFreeETF STAR50 ETF,3377159.0,406154.0,20251204,ihs,,
2629,iFreeETF GBA100 ETF,1636568.0,191506.0,20251204,ihs,,
2840,iFreeETF NASDAQ100 (NON HEDGED),42593379.12,4326766.0,20251204,ihs,,
2841,iFreeETF NASDAQ100 (JPY HEDGED),43004417.26,14596460.0,20251204,ihs,,
2842,iFreeETF NASDAQ100 Inverse,2485718621.0,200138.0,20251204,ihs,,
2869,iFreeETF NASDAQ100 Leveraged (2x),11093375674.0,267700.0,20251204,ihs,,
2870,iFreeETF NASDAQ100 Double Inverse (-2x),8657796112.0,1028324.0,20251204,ihs,,
316A,iFreeETF FANG+ PCF,596128314.0,25093500.0,20251204,ihs,,
354A,iFreeETF Bloomberg Japan High Dividend 50 Index,709008927.0,16259364.0,20251204,ihs,,
363A,IFREEETF FTSE100 ETF,497788869.0,269500.0,20251204,ihs,,
381A,IFREEETF US TREASURY BOND 3-5 YEAR (NON HEDGED),5108248185.0,12140000.0,20251204,ihs,,
382A,IFREEETF US TREASURY BOND 3-5 YEAR (JPY HEDGED),3037723.0,1560000.0,20251204,ihs,,
413A,iFreeETF Cathay Taiwan Tech Leader Index,1429155.0,420000.0,20251204,ihs,,
435A,iFreeETF Japan Equity Dividend Rotation Strategy,88951158.0,2136500.0,20251204,ihs,,
443A,iFreeETF Tokyo Stock Exchange REIT Index (Feb/May/Aug/Nov Dividend Type),8020933.0,247725.0,20251204,ihs,,
